{
  "best_fitness": -95.87065337763012,
  "best_3_genes": [
    "( ( ( ( ( ( ( M RAND P ) + ( F - P ) ) RAND ( ( 17.846 / F ) RAND ( M / M ) ) ) RAND ( ( ( P + M ) / ( 14.646 RAND G ) ) RAND ( ( F * 18.997 ) / ( F * G ) ) ) ) + ( ( ( ( G + F ) RAND ( M - G ) ) * ( ( W - M ) RAND ( F - P ) ) ) - ( ( ( G / 11.836 ) + ( F * P ) ) - ( ( 5.448 * M ) + ( W + F ) ) ) ) ) * ( ( ( ( ( F + P ) - ( G RAND F ) ) * ( ( P * W ) + ( M + W ) ) ) RAND ( ( ( G RAND W ) + ( 18.672 - M ) ) * ( ( G - -0.927 ) / ( P RAND P ) ) ) ) - ( ( ( ( F * 11.377 ) - ( G / F ) ) RAND ( ( M RAND M ) / ( F RAND P ) ) ) / ( ( ( W * 1.876 ) - ( 4.619 + M ) ) / ( ( F / G ) - ( 16.490 * F ) ) ) ) ) ) / ( ( ( ( ( ( 2.696 / M ) RAND ( W RAND W ) ) * ( ( G RAND F ) + ( -2.400 * G ) ) ) * ( ( ( G RAND F ) / ( P * P ) ) + ( ( M RAND 19.941 ) / ( F * W ) ) ) ) - ( ( ( ( M + G ) + ( F * W ) ) * ( ( W * P ) / ( F + F ) ) ) * ( ( ( 12.390 - 19.361 ) / ( W / G ) ) / ( ( F RAND W ) + ( 6.667 - M ) ) ) ) ) * ( ( ( ( ( 19.347 - M ) / ( -0.345 / P ) ) * ( ( G * M ) + ( M * M ) ) ) + ( ( ( 19.422 RAND P ) - ( F * P ) ) / ( ( G - M ) + ( W RAND F ) ) ) ) * ( ( ( ( 15.132 + G ) * ( P / 0.747 ) ) + ( ( F RAND 2.445 ) + ( F RAND 16.537 ) ) ) + ( ( ( M * G ) + ( W + P ) ) + ( ( F / G ) - ( F - W ) ) ) ) ) ) )",
    "( ( G - -2.711 ) - ( ( ( ( G * G ) * ( M * M ) ) - ( ( W + G ) * ( W - W ) ) ) - F ) )",
    "( ( ( ( ( ( P * W ) RAND ( M + P ) ) * ( ( P / F ) - ( 1.786 / 12.763 ) ) ) + ( ( ( -4.642 + W ) / ( F * M ) ) + ( ( W - G ) + ( M + W ) ) ) ) - ( ( ( ( G - M ) + ( G RAND W ) ) * ( ( P * F ) / ( M + W ) ) ) * ( ( ( P / M ) RAND ( M * P ) ) - ( ( F - G ) + ( P / P ) ) ) ) ) * ( ( ( ( ( 10.044 - 14.193 ) / ( M * F ) ) RAND ( ( F + 4.016 ) + ( M * F ) ) ) RAND ( ( ( W * M ) + ( 15.550 - M ) ) - ( ( F + F ) * ( M * G ) ) ) ) - ( ( ( ( G - P ) - ( P / W ) ) / ( ( W RAND G ) - ( G RAND 9.356 ) ) ) * ( ( ( F + M ) + ( F + W ) ) * ( ( 1.573 RAND P ) + ( G * 3.809 ) ) ) ) ) )"
  ],
  "evaluations": [
    200,
    450,
    700,
    950,
    1200,
    1450,
    1700,
    1950,
    2200,
    2450,
    2700,
    2950,
    3200,
    3450,
    3700,
    3950,
    4200,
    4450,
    4700,
    4950,
    5200
  ],
  "best_penalized_fitness": [
    91.09302325581395,
    93.89867109634551,
    91.55581395348838,
    92.6153931339978,
    92.1172757475083,
    93.15636766334441,
    92.88682170542636,
    93.47630121816168,
    93.76013289036545,
    93.5234772978959,
    93.98250276854928,
    93.69058693244739,
    94.03156146179403,
    94.0091915836102,
    94.21107419712071,
    94.19867109634552,
    93.96013289036546,
    94.096788482835,
    94.18250276854928,
    94.53964562569213,
    94.21107419712072
  ],
  "mean_penalized_fitness": [
    -9.179816057585825,
    16.28999723145072,
    32.89152890365448,
    46.37482081949059,
    61.71787995570321,
    68.99364263565892,
    76.56575703211517,
    82.02165692137321,
    87.63281528239203,
    88.60037486157253,
    89.42940332225913,
    90.14233621262458,
    90.64490819490587,
    90.69924916943522,
    90.72741871539313,
    91.36367441860465,
    91.43596733111849,
    91.59628560354375,
    91.60096555924696,
    91.81287873754152,
    91.54007929125139
  ],
  "best_base_fitness": [
    93.59302325581395,
    95.39867109634551,
    95.05581395348838,
    94.1153931339978,
    95.13964562569214,
    94.82779623477299,
    95.50487264673312,
    95.26201550387597,
    95.72535991140643,
    95.8172757475083,
    95.57630121816169,
    95.44396456256922,
    95.71295681063123,
    95.74772978959027,
    95.71107419712071,
    95.84772978959023,
    95.50299003322259,
    95.596788482835,
    95.70055370985604,
    96.03964562569213,
    95.71107419712072
  ],
  "mean_base_fitness": [
    13.610183942414174,
    25.49999723145072,
    40.35152890365448,
    52.84982081949059,
    67.3628799557032,
    73.78864263565892,
    81.13575703211517,
    86.27165692137321,
    91.35781528239202,
    91.93537486157254,
    92.52440332225913,
    92.74733621262459,
    93.08990819490587,
    93.03424916943521,
    92.96741871539314,
    93.54367441860465,
    93.4759673311185,
    93.59628560354375,
    93.58596555924696,
    93.74787873754153,
    93.37507929125138
  ],