{
  "best_fitness": -95.44584717607974,
  "best_3_genes": [
    "( ( ( ( ( ( W RAND G ) RAND ( G / G ) ) - ( ( G * G ) * ( M - W ) ) ) + ( ( ( 12.762 + 10.709 ) RAND ( W * G ) ) RAND ( ( F RAND F ) * ( F - 12.216 ) ) ) ) RAND ( ( ( ( F / F ) + ( P / P ) ) * ( ( G - F ) + ( M + G ) ) ) / ( ( ( M * P ) RAND ( P - F ) ) RAND ( ( 10.705 + 13.769 ) / ( M / M ) ) ) ) ) * ( ( ( ( ( F + W ) - ( G RAND P ) ) - ( ( M RAND M ) + ( P * -2.271 ) ) ) * ( ( ( 11.008 RAND F ) - ( F RAND F ) ) RAND ( ( P - W ) * ( -3.717 + F ) ) ) ) RAND ( ( ( ( -1.294 / P ) * ( 18.780 - G ) ) RAND ( ( F * M ) - ( 8.304 + P ) ) ) + ( ( ( F - W ) + ( 15.009 * G ) ) / ( ( P + 8.556 ) * ( W - F ) ) ) ) ) )",
    "( F RAND ( ( P RAND P ) + ( P - P ) ) )",
    "( F - ( ( W / 13.886 ) + ( M / 12.003 ) ) )"
  ],
  "evaluations": [
    200,
    450,
    700,
    950,
    1200,
    1450,
    1700,
    1950,
    2200,
    2450,
    2700,
    2950,
    3200,
    3450,
    3700,
    3950,
    4200,
    4450,
    4700,
    4950,
    5200
  ],
  "best_penalized_fitness": [
    90.48250276854927,
    90.97065337763013,
    92.20110741971207,
    91.77065337763011,
    92.41539313399778,
    93.33964562569213,
    93.6172757475083,
    93.55393133997785,
    93.8781838316722,
    93.94584717607972,
    93.14584717607974,
    94.36013289036543,
    94.1905869324474,
    94.04584717607973,
    93.88870431893687,
    93.88250276854927,
    94.0110741971207,
    94.15204872646733,
    94.26013289036544,
    94.1110741971207,
    94.26633444075304
  ],
  "mean_penalized_fitness": [
    -12.826509302325581,
    16.945976854928016,
    36.259111295681066,
    55.92070365448505,
    65.73156888150609,
    72.12775703211517,
    81.82412436323366,
    83.3973388704319,
    86.8234407530454,
    88.54107342192691,
    89.49781638981175,
    91.08086755260244,
    90.60256356589147,
    91.42789977851605,
    91.341142303433,
    91.7174780730897,
    91.50611993355481,
    91.76033820598006,
    92.16541849390919,
    91.80209324473975,
    92.43304839424141
  ],
  "best_base_fitness": [
    94.98250276854927,
    93.5563676633444,
    94.93156146179402,
    94.52535991140641,
    95.33156146179402,
    95.2234772978959,
    95.296788482835,
    95.57441860465116,
    95.82724252491694,
    95.44584717607972,
    95.23344407530453,
    95.86013289036543,
    95.6905869324474,
    96.07630121816169,
    95.75393133997785,
    95.69246954595792,
    95.80487264673312,
    96.17818383167219,
    95.76013289036544,
    95.6110741971207,
    95.76633444075304
  ],
  "mean_base_fitness": [
    12.148490697674418,
    26.605976854928016,
    43.06911129568106,
    61.58070365448505,
    71.4615688815061,
    77.19275703211517,
    86.42912436323367,
    87.6423388704319,
    90.73844075304541,
    92.1110734219269,
    92.30281638981174,
    93.51086755260243,
    92.88756356589147,
    93.58289977851605,
    93.386142303433,
    93.6324780730897,
    93.38111993355481,
    93.57033820598006,
    93.96541849390918,
    93.53709324473975,
    94.15304839424142
  ],
  "gp_log": [
    "mu: 200",
    "num_children: 50",
    "mutation rate: 0.4",
    "parent selection: k_tournament_with_replacement",
    "parent selection kwargs: {'k': 9}",
    "survival selection: k_tournament_without_replacement",
    "survival selection kwargs: {'k': 13}",
    "recombination kwargs: {'depth_limit': 7, 'terminals': ('G', 'P', 'F', 'W', 'C', 'M'), 'nonterminals': ('+', '-', '*', '/', 'RAND')}",
    "mutation kwargs: {'depth_limit': 7, 'terminals': ('G', 'P', 'F', 'W', 'C', 'M'), 'nonterminals': ('+', '-', '*', '/', 'RAND')}",
    "Initial population size: 200",
    "Number of children: 50",
    "Number of recombinations: 39",
    "Number of mutations: 11",
    "Pre-survival population size: 250",
    "Post-survival population size: 200",
    "Number of children: 50",
    "Number of recombinations: 25",
    "Number of mutations: 25",
    "Pre-survival population size: 250",
    "Post-survival population size: 200",
    "Number of children: 50",
    "Number of recombinations: 36",
    "Number of mutations: 14",
    "Pre-survival population size: 250",
    "Post-survival population size: 200",
    "Number of children: 50",
    "Number of recombinations: 25",
    "Number of mutations: 25",
    "Pre-survival population size: 250",
    "Post-survival population size: 200",
    "Number of children: 50",
    "Number of recombinations: 26",
    "Number of mutations: 24",
    "Pre-survival population size: 250",
    "Post-survival population size: 200",
    "Number of children: 50",
    "Number of recombinations: 26",
    "Number of mutations: 24",
    "Pre-survival population size: 250",
    "Post-survival population size: 200",
    "Number of children: 50",
    "Number of recombinations: 33",
    "Number of mutations: 17",
    "Pre-survival population size: 250",
    "Post-survival population size: 200",
    "Number of children: 50",
    "Number of recombinations: 32",
    "Number of mutations: 18",
    "Pre-survival population size: 250",
    "Post-survival population size: 200",
    "Number of children: 50",
    "Number of recombinations: 25",
    "Number of mutations: 25",
    "Pre-survival population size: 250",
    "Post-survival population size: 200",
    "Number of children: 50",
    "Number of recombinations: 31",
    "Number of mutations: 19",
    "Pre-survival population size: 250",
    "Post-survival population size: 200",
    "Number of children: 50",
    "Number of recombinations: 30",
    "Number of mutations: 20",
    "Pre-survival population size: 250",
    "Post-survival population size: 200",
    "Number of children: 50",
    "Number of recombinations: 31",
    "Number of mutations: 19",
    "Pre-survival population size: 250",
    "Post-survival population size: 200",
    "Number of children: 50",
    "Number of recombinations: 28",
    "Number of mutations: 22",
    "Pre-survival population size: 250",
    "Post-survival population size: 200",
    "Number of children: 50",
    "Number of recombinations: 35",
    "Number of mutations: 15",
    "Pre-survival population size: 250",
    "Post-survival population size: 200",
    "Number of children: 50",
    "Number of recombinations: 28",
    "Number of mutations: 22",
    "Pre-survival population size: 250",
    "Post-survival population size: 200",
    "Number of children: 50",
    "Number of recombinations: 27",
    "Number of mutations: 23",
    "Pre-survival population size: 250",
    "Post-survival population size: 200",
    "Number of children: 50",
    "Number of recombinations: 29",
    "Number of mutations: 21",
    "Pre-survival population size: 250",
    "Post-survival population size: 200",
    "Number of children: 50",
    "Number of recombinations: 29",
    "Number of mutations: 21",
    "Pre-survival population size: 250",
    "Post-survival population size: 200",
    "Number of children: 50",
    "Number of recombinations: 30",
    "Number of mutations: 20",
    "Pre-survival population size: 250",
    "Post-survival population size: 200",
    "Number of children: 50",
    "Number of recombinations: 31",
    "Number of mutations: 19",
    "Pre-survival population size: 250",
    "Post-survival population size: 200"
  ],