{
  "best_fitness": -95.19246954595792,
  "best_3_genes": [
    "( ( ( ( -0.187 * P ) * ( W RAND M ) ) / ( ( 14.892 / 7.303 ) - ( F / F ) ) ) RAND ( ( ( W RAND W ) + ( P / G ) ) / ( W - ( F + W ) ) ) )",
    "( ( G + ( W + ( W * G ) ) ) RAND ( ( G + ( ( 3.464 * F ) - M ) ) * G ) )",
    "( -1.228 - M )"
  ],
  "evaluations": [
    200,
    450,
    700,
    950,
    1200,
    1450,
    1700,
    1950,
    2200,
    2450,
    2700,
    2950,
    3200,
    3450,
    3700,
    3950,
    4200,
    4450,
    4700,
    4950,
    5200
  ],
  "best_penalized_fitness": [
    91.97065337763013,
    89.8749723145072,
    91.70730897009966,
    90.67441860465117,
    91.59302325581395,
    92.38682170542636,
    93.84584717607973,
    93.57441860465116,
    92.86445182724253,
    93.28062015503876,
    94.22724252491695,
    94.20487264673312,
    93.86821705426357,
    93.87441860465117,
    93.52159468438538,
    94.10487264673311,
    94.26821705426357,
    94.79867109634553,
    94.15393133997785,
    94.56201550387597,
    94.28250276854928
  ],
  "mean_penalized_fitness": [
    -13.948994019933554,
    12.291298449612404,
    26.3011992248062,
    37.440225692137325,
    46.471410741971205,
    59.27279379844961,
    72.34589413067553,
    78.82864606866002,
    83.60295791805095,
    85.37378361018826,
    88.23773255813954,
    89.68201439645625,
    90.16513931339978,
    90.48943754152823,
    90.73368870431894,
    91.4838696566999,
    91.26912491694353,
    91.47666157253599,
    91.88030697674418,
    91.78420863787376,
    91.762996124031
  ],
  "best_base_fitness": [
    94.08062015503876,
    91.48305647840532,
    93.88682170542636,
    94.55393133997785,
    93.99302325581397,
    94.85204872646733,
    95.34584717607973,
    95.31915836101884,
    95.81295681063123,
    95.77630121816168,
    95.72724252491695,
    95.70487264673312,
    95.36821705426357,
    95.37441860465117,
    95.30487264673312,
    96.02535991140643,
    95.76821705426357,
    96.29867109634553,
    95.68250276854927,
    96.06201550387597,
    95.78250276854928
  ],
  "mean_base_fitness": [
    12.296005980066445,
    21.7212984496124,
    33.7911992248062,
    43.96022569213732,
    52.221410741971205,
    64.88279379844961,
    77.84089413067552,
    84.11864606866003,
    88.42795791805094,
    89.73378361018825,
    91.91773255813953,
    92.75201439645626,
    92.69513931339978,
    92.85443754152824,
    92.93368870431894,
    93.5638696566999,
    93.33412491694352,
    93.41666157253599,
    93.73030697674419,
    93.56920863787376,
    93.532996124031
  ],
  "gp_log": [
    "mu: 200",
    "num_children: 50",
    "mutation rate: 0.4",
    "parent selection: k_tournament_with_replacement",
    "parent selection kwargs: {'k': 9}",
    "survival selection: k_tournament_without_replacement",
    "survival selection kwargs: {'k': 13}",
    "recombination kwargs: {'depth_limit': 7, 'terminals': ('G', 'P', 'F', 'W', 'C', 'M'), 'nonterminals': ('+', '-', '*', '/', 'RAND')}",
    "mutation kwargs: {'depth_limit': 7, 'terminals': ('G', 'P', 'F', 'W', 'C', 'M'), 'nonterminals': ('+', '-', '*', '/', 'RAND')}",
    "Initial population size: 200",
    "Number of children: 50",
    "Number of recombinations: 33",
    "Number of mutations: 17",
    "Pre-survival population size: 250",
    "Post-survival population size: 200",
    "Number of children: 50",
    "Number of recombinations: 25",
    "Number of mutations: 25",
    "Pre-survival population size: 250",
    "Post-survival population size: 200",
    "Number of children: 50",
    "Number of recombinations: 17",
    "Number of mutations: 33",
    "Pre-survival population size: 250",
    "Post-survival population size: 200",
    "Number of children: 50",
    "Number of recombinations: 34",
    "Number of mutations: 16",
    "Pre-survival population size: 250",
    "Post-survival population size: 200",
    "Number of children: 50",
    "Number of recombinations: 30",
    "Number of mutations: 20",
    "Pre-survival population size: 250",
    "Post-survival population size: 200",
    "Number of children: 50",
    "Number of recombinations: 23",
    "Number of mutations: 27",
    "Pre-survival population size: 250",
    "Post-survival population size: 200",
    "Number of children: 50",
    "Number of recombinations: 30",
    "Number of mutations: 20",
    "Pre-survival population size: 250",
    "Post-survival population size: 200",
    "Number of children: 50",
    "Number of recombinations: 31",
    "Number of mutations: 19",
    "Pre-survival population size: 250",
    "Post-survival population size: 200",
    "Number of children: 50",
    "Number of recombinations: 28",
    "Number of mutations: 22",
    "Pre-survival population size: 250",
    "Post-survival population size: 200",
    "Number of children: 50",
    "Number of recombinations: 33",
    "Number of mutations: 17",
    "Pre-survival population size: 250",
    "Post-survival population size: 200",
    "Number of children: 50",
    "Number of recombinations: 39",
    "Number of mutations: 11",
    "Pre-survival population size: 250",
    "Post-survival population size: 200",
    "Number of children: 50",
    "Number of recombinations: 28",
    "Number of mutations: 22",
    "Pre-survival population size: 250",
    "Post-survival population size: 200",
    "Number of children: 50",
    "Number of recombinations: 28",
    "Number of mutations: 22",
    "Pre-survival population size: 250",
    "Post-survival population size: 200",
    "Number of children: 50",
    "Number of recombinations: 34",
    "Number of mutations: 16",
    "Pre-survival population size: 250",
    "Post-survival population size: 200",
    "Number of children: 50",
    "Number of recombinations: 35",
    "Number of mutations: 15",
    "Pre-survival population size: 250",
    "Post-survival population size: 200",
    "Number of children: 50",
    "Number of recombinations: 29",
    "Number of mutations: 21",
    "Pre-survival population size: 250",
    "Post-survival population size: 200",
    "Number of children: 50",
    "Number of recombinations: 27",
    "Number of mutations: 23",
    "Pre-survival population size: 250",
    "Post-survival population size: 200",
    "Number of children: 50",
    "Number of recombinations: 32",
    "Number of mutations: 18",
    "Pre-survival population size: 250",
    "Post-survival population size: 200",
    "Number of children: 50",
    "Number of recombinations: 24",
    "Number of mutations: 26",
    "Pre-survival population size: 250",
    "Post-survival population size: 200",
    "Number of children: 50",
    "Number of recombinations: 25",
    "Number of mutations: 25",
    "Pre-survival population size: 250",
    "Post-survival population size: 200"
  ],