{
  "best_fitness": -96.33532668881506,
  "best_3_genes": [
    "( G + G )",
    "( P - M )",
    "( ( ( ( ( 5.118 RAND W ) / ( G / M ) ) * ( ( F RAND P ) / ( F + -1.942 ) ) ) / ( ( ( F - P ) - ( M - W ) ) - ( ( G RAND G ) RAND ( P - G ) ) ) ) / ( ( ( ( W - 16.875 ) - ( P / G ) ) * ( ( W + F ) / ( P - W ) ) ) RAND ( ( ( P - 5.723 ) + ( F - W ) ) + ( ( P RAND F ) RAND ( W - P ) ) ) ) )"
  ],
  "evaluations": [
    200,
    450,
    700,
    950,
    1200,
    1450,
    1700,
    1950,
    2200,
    2450,
    2700,
    2950,
    3200,
    3450,
    3700,
    3950,
    4200,
    4450,
    4700,
    4950,
    5200
  ],
  "best_penalized_fitness": [
    90.03156146179401,
    89.95204872646734,
    92.73776301218163,
    92.76201550387596,
    91.92159468438537,
    92.88870431893687,
    92.5172757475083,
    93.68250276854928,
    93.84772978959026,
    93.73344407530455,
    94.15581395348836,
    94.3905869324474,
    93.7153931339978,
    94.37630121816167,
    94.39867109634551,
    93.73964562569213,
    94.16821705426358,
    94.89246954595792,
    94.28250276854928,
    93.58250276854929,
    93.77441860465116
  ],
  "mean_penalized_fitness": [
    -9.196588482834995,
    21.05444119601329,
    38.00460166112957,
    54.01966411960133,
    63.13332956810631,
    74.4721919158361,
    77.73794673311184,
    86.5660765227021,
    88.66497641196013,
    89.18952093023256,
    89.73602214839424,
    89.79607430786268,
    90.5680334440753,
    91.37019091915836,
    90.82835548172757,
    91.00110509413068,
    91.41001827242525,
    91.61178283499446,
    91.45513776301217,
    91.5757665559247,
    91.74302646733112
  ],
  "best_base_fitness": [
    94.53156146179401,
    94.19490586932447,
    95.23776301218163,
    95.26201550387596,
    94.42159468438537,
    95.396788482835,
    95.74961240310077,
    95.26821705426357,
    95.87009966777407,
    95.5905869324474,
    96.2986710963455,
    95.8905869324474,
    95.79867109634552,
    96.06389811738649,
    95.89867109634551,
    95.4843853820598,
    95.66821705426358,
    96.39246954595792,
    95.78250276854928,
    96.08250276854929,
    95.74772978959025
  ],
  "mean_base_fitness": [
    14.913411517165006,
    29.94444119601329,
    45.23460166112957,
    60.13466411960133,
    68.55832956810632,
    79.2571919158361,
    82.04794673311184,
    90.4610765227021,
    92.06497641196013,
    92.41952093023255,
    92.80102214839424,
    92.95607430786268,
    93.3580334440753,
    93.92019091915836,
    93.37335548172757,
    93.42610509413068,
    93.70501827242525,
    93.83678283499447,
    93.64013776301218,
    93.66576655592469,
    93.80302646733112
  ],
  "gp_log": [
    "mu: 200",
    "num_children: 50",
    "mutation rate: 0.4",
    "parent selection: k_tournament_with_replacement",
    "parent selection kwargs: {'k': 9}",
    "survival selection: k_tournament_without_replacement",
    "survival selection kwargs: {'k': 13}",
    "recombination kwargs: {'depth_limit': 7, 'terminals': ('G', 'P', 'F', 'W', 'C', 'M'), 'nonterminals': ('+', '-', '*', '/', 'RAND')}",
    "mutation kwargs: {'depth_limit': 7, 'terminals': ('G', 'P', 'F', 'W', 'C', 'M'), 'nonterminals': ('+', '-', '*', '/', 'RAND')}",
    "Initial population size: 200",
    "Number of children: 50",
    "Number of recombinations: 33",
    "Number of mutations: 17",
    "Pre-survival population size: 250",
    "Post-survival population size: 200",
    "Number of children: 50",
    "Number of recombinations: 33",
    "Number of mutations: 17",
    "Pre-survival population size: 250",
    "Post-survival population size: 200",
    "Number of children: 50",
    "Number of recombinations: 26",
    "Number of mutations: 24",
    "Pre-survival population size: 250",
    "Post-survival population size: 200",
    "Number of children: 50",
    "Number of recombinations: 32",
    "Number of mutations: 18",
    "Pre-survival population size: 250",
    "Post-survival population size: 200",
    "Number of children: 50",
    "Number of recombinations: 35",
    "Number of mutations: 15",
    "Pre-survival population size: 250",
    "Post-survival population size: 200",
    "Number of children: 50",
    "Number of recombinations: 31",
    "Number of mutations: 19",
    "Pre-survival population size: 250",
    "Post-survival population size: 200",
    "Number of children: 50",
    "Number of recombinations: 25",
    "Number of mutations: 25",
    "Pre-survival population size: 250",
    "Post-survival population size: 200",
    "Number of children: 50",
    "Number of recombinations: 32",
    "Number of mutations: 18",
    "Pre-survival population size: 250",
    "Post-survival population size: 200",
    "Number of children: 50",
    "Number of recombinations: 28",
    "Number of mutations: 22",
    "Pre-survival population size: 250",
    "Post-survival population size: 200",
    "Number of children: 50",
    "Number of recombinations: 28",
    "Number of mutations: 22",
    "Pre-survival population size: 250",
    "Post-survival population size: 200",
    "Number of children: 50",
    "Number of recombinations: 27",
    "Number of mutations: 23",
    "Pre-survival population size: 250",
    "Post-survival population size: 200",
    "Number of children: 50",
    "Number of recombinations: 34",
    "Number of mutations: 16",
    "Pre-survival population size: 250",
    "Post-survival population size: 200",
    "Number of children: 50",
    "Number of recombinations: 29",
    "Number of mutations: 21",
    "Pre-survival population size: 250",
    "Post-survival population size: 200",
    "Number of children: 50",
    "Number of recombinations: 27",
    "Number of mutations: 23",
    "Pre-survival population size: 250",
    "Post-survival population size: 200",
    "Number of children: 50",
    "Number of recombinations: 34",
    "Number of mutations: 16",
    "Pre-survival population size: 250",
    "Post-survival population size: 200",
    "Number of children: 50",
    "Number of recombinations: 30",
    "Number of mutations: 20",
    "Pre-survival population size: 250",
    "Post-survival population size: 200",
    "Number of children: 50",
    "Number of recombinations: 29",
    "Number of mutations: 21",
    "Pre-survival population size: 250",
    "Post-survival population size: 200",
    "Number of children: 50",
    "Number of recombinations: 32",
    "Number of mutations: 18",
    "Pre-survival population size: 250",
    "Post-survival population size: 200",
    "Number of children: 50",
    "Number of recombinations: 37",
    "Number of mutations: 13",
    "Pre-survival population size: 250",
    "Post-survival population size: 200",
    "Number of children: 50",
    "Number of recombinations: 32",
    "Number of mutations: 18",
    "Pre-survival population size: 250",
    "Post-survival population size: 200"
  ],