{
  "best_fitness": -95.1029900332226,
  "best_3_genes": [
    "( ( 15.039 - M ) + G )",
    "( ( ( F - P ) * ( 8.570 RAND 3.998 ) ) / ( ( M RAND 15.960 ) RAND ( 12.575 + M ) ) )",
    "( G / F )"
  ],
  "evaluations": [
    200,
    450,
    700,
    950,
    1200,
    1450,
    1700,
    1950,
    2200,
    2450,
    2700,
    2950,
    3200,
    3450,
    3700,
    3950,
    4200,
    4450,
    4700,
    4950,
    5200
  ],
  "best_penalized_fitness": [
    91.13399778516057,
    89.95260243632337,
    90.67685492801773,
    90.27685492801773,
    92.93588039867109,
    91.99302325581395,
    93.0048726467331,
    93.40110741971206,
    94.45581395348837,
    93.40542635658915,
    93.43344407530454,
    93.3843853820598,
    93.37253599114064,
    93.96633444075304,
    94.25581395348837,
    93.996788482835,
    94.1843853820598,
    93.56445182724252,
    94.01107419712069,
    94.11915836101883,
    94.3638981173865
  ],
  "mean_penalized_fitness": [
    -10.586376633444075,
    15.092000664451827,
    26.553713399778516,
    39.09229789590255,
    51.68607165005537,
    61.5338765227021,
    67.12264994462902,
    78.12670221483943,
    79.01598316722037,
    84.23205215946844,
    88.11358139534883,
    88.97459723145072,
    90.05346223698781,
    90.1674811738649,
    90.66004651162791,
    90.69091661129568,
    91.22451495016611,
    91.25541472868217,
    91.36334518272426,
    91.29184551495017,
    91.71458837209302
  ],
  "best_base_fitness": [
    92.63399778516057,
    95.28870431893688,
    93.17685492801773,
    93.03211517165005,
    94.43588039867109,
    94.83344407530453,
    95.5048726467331,
    95.61295681063123,
    95.95581395348837,
    95.31107419712072,
    95.32535991140642,
    95.8843853820598,
    95.40299003322258,
    96.17009966777408,
    95.75581395348837,
    95.55393133997785,
    95.6843853820598,
    95.67630121816168,
    95.5905869324474,
    95.74772978959024,
    95.8638981173865
  ],
  "mean_base_fitness": [
    15.098623366555925,
    24.65700066445183,
    34.06871339977852,
    46.20229789590255,
    58.06607165005537,
    66.8488765227021,
    72.14264994462901,
    82.77670221483942,
    83.26098316722037,
    88.20705215946843,
    91.55858139534884,
    92.23959723145072,
    92.89846223698781,
    92.8424811738649,
    93.24004651162791,
    93.24091661129567,
    93.48951495016611,
    93.45541472868217,
    93.51334518272425,
    93.40684551495016,
    93.73458837209303
  ],
  "gp_log": [
    "mu: 200",
    "num_children: 50",
    "mutation rate: 0.4",
    "parent selection: k_tournament_with_replacement",
    "parent selection kwargs: {'k': 9}",
    "survival selection: k_tournament_without_replacement",
    "survival selection kwargs: {'k': 13}",
    "recombination kwargs: {'depth_limit': 7, 'terminals': ('G', 'P', 'F', 'W', 'C', 'M'), 'nonterminals': ('+', '-', '*', '/', 'RAND')}",
    "mutation kwargs: {'depth_limit': 7, 'terminals': ('G', 'P', 'F', 'W', 'C', 'M'), 'nonterminals': ('+', '-', '*', '/', 'RAND')}",
    "Initial population size: 200",
    "Number of children: 50",
    "Number of recombinations: 33",
    "Number of mutations: 17",
    "Pre-survival population size: 250",
    "Post-survival population size: 200",
    "Number of children: 50",
    "Number of recombinations: 26",
    "Number of mutations: 24",
    "Pre-survival population size: 250",
    "Post-survival population size: 200",
    "Number of children: 50",
    "Number of recombinations: 31",
    "Number of mutations: 19",
    "Pre-survival population size: 250",
    "Post-survival population size: 200",
    "Number of children: 50",
    "Number of recombinations: 31",
    "Number of mutations: 19",
    "Pre-survival population size: 250",
    "Post-survival population size: 200",
    "Number of children: 50",
    "Number of recombinations: 32",
    "Number of mutations: 18",
    "Pre-survival population size: 250",
    "Post-survival population size: 200",
    "Number of children: 50",
    "Number of recombinations: 30",
    "Number of mutations: 20",
    "Pre-survival population size: 250",
    "Post-survival population size: 200",
    "Number of children: 50",
    "Number of recombinations: 33",
    "Number of mutations: 17",
    "Pre-survival population size: 250",
    "Post-survival population size: 200",
    "Number of children: 50",
    "Number of recombinations: 28",
    "Number of mutations: 22",
    "Pre-survival population size: 250",
    "Post-survival population size: 200",
    "Number of children: 50",
    "Number of recombinations: 32",
    "Number of mutations: 18",
    "Pre-survival population size: 250",
    "Post-survival population size: 200",
    "Number of children: 50",
    "Number of recombinations: 30",
    "Number of mutations: 20",
    "Pre-survival population size: 250",
    "Post-survival population size: 200",
    "Number of children: 50",
    "Number of recombinations: 29",
    "Number of mutations: 21",
    "Pre-survival population size: 250",
    "Post-survival population size: 200",
    "Number of children: 50",
    "Number of recombinations: 33",
    "Number of mutations: 17",
    "Pre-survival population size: 250",
    "Post-survival population size: 200",
    "Number of children: 50",
    "Number of recombinations: 32",
    "Number of mutations: 18",
    "Pre-survival population size: 250",
    "Post-survival population size: 200",
    "Number of children: 50",
    "Number of recombinations: 29",
    "Number of mutations: 21",
    "Pre-survival population size: 250",
    "Post-survival population size: 200",
    "Number of children: 50",
    "Number of recombinations: 27",
    "Number of mutations: 23",
    "Pre-survival population size: 250",
    "Post-survival population size: 200",
    "Number of children: 50",
    "Number of recombinations: 30",
    "Number of mutations: 20",
    "Pre-survival population size: 250",
    "Post-survival population size: 200",
    "Number of children: 50",
    "Number of recombinations: 30",
    "Number of mutations: 20",
    "Pre-survival population size: 250",
    "Post-survival population size: 200",
    "Number of children: 50",
    "Number of recombinations: 30",
    "Number of mutations: 20",
    "Pre-survival population size: 250",
    "Post-survival population size: 200",
    "Number of children: 50",
    "Number of recombinations: 23",
    "Number of mutations: 27",
    "Pre-survival population size: 250",
    "Post-survival population size: 200",
    "Number of children: 50",
    "Number of recombinations: 33",
    "Number of mutations: 17",
    "Pre-survival population size: 250",
    "Post-survival population size: 200"
  ],