{
  "best_fitness": -94.93156146179402,
  "best_3_genes": [
    "( F * ( 0.193 - F ) )",
    "( ( 11.965 - ( ( M + W ) RAND ( M / ( G / F ) ) ) ) * F )",
    "( ( ( P + M ) / ( F / M ) ) / ( ( P * G ) RAND ( G * W ) ) )"
  ],
  "evaluations": [
    200,
    450,
    700,
    950,
    1200,
    1450,
    1700,
    1950,
    2200,
    2450,
    2700,
    2950,
    3200,
    3450,
    3700,
    3950,
    4200,
    4450,
    4700,
    4950,
    5200
  ],
  "best_penalized_fitness": [
    79.24263565891474,
    76.49036544850497,
    88.83211517165006,
    89.00542635658914,
    93.71727574750831,
    92.64208194905869,
    92.36013289036543,
    93.096788482835,
    93.80487264673312,
    92.79678848283501,
    93.47441860465116,
    94.03156146179403,
    94.3048726467331,
    93.64584717607974,
    93.36821705426357,
    94.08870431893688,
    94.03156146179403,
    93.63776301218161,
    94.0029900332226,
    94.15204872646734,
    94.35581395348837
  ],
  "mean_penalized_fitness": [
    -15.537610631229235,
    7.091508859357697,
    27.04905138427464,
    36.65598936877076,
    50.353068217054265,
    63.46754606866002,
    72.41651893687708,
    78.94467929125139,
    83.37294496124031,
    84.89297253599113,
    87.14542569213732,
    87.46661827242525,
    89.71538338870431,
    90.61577430786268,
    90.53600409745293,
    90.77224440753045,
    91.00745016611296,
    91.35464850498339,
    91.46693610188261,
    91.31499867109635,
    91.35815647840532
  ],
  "best_base_fitness": [
    87.74263565891474,
    82.99036544850497,
    91.33211517165006,
    92.50542635658914,
    95.21727574750831,
    94.14208194905869,
    94.86013289036543,
    95.596788482835,
    95.30487264673312,
    95.24584717607974,
    95.23344407530453,
    95.53156146179403,
    95.92724252491695,
    95.65581395348838,
    95.28062015503876,
    95.58870431893688,
    95.53156146179403,
    95.93964562569215,
    95.92535991140642,
    95.65204872646734,
    95.85581395348837
  ],
  "mean_base_fitness": [
    13.377389368770764,
    15.196508859357698,
    33.63405138427464,
    43.080989368770766,
    56.948068217054264,
    70.08254606866002,
    78.23651893687708,
    84.64467929125138,
    88.77294496124031,
    89.75297253599115,
    90.92042569213731,
    91.23661827242525,
    92.91538338870431,
    93.38577430786268,
    93.17100409745294,
    93.32224440753045,
    93.40745016611295,
    93.64964850498339,
    93.74193610188262,
    93.49499867109634,
    93.51315647840532
  ],
  "gp_log": [
    "mu: 200",
    "num_children: 50",
    "mutation rate: 0.4",
    "parent selection: k_tournament_with_replacement",
    "parent selection kwargs: {'k': 9}",
    "survival selection: k_tournament_without_replacement",
    "survival selection kwargs: {'k': 13}",
    "recombination kwargs: {'depth_limit': 7, 'terminals': ('G', 'P', 'F', 'W', 'C', 'M'), 'nonterminals': ('+', '-', '*', '/', 'RAND')}",
    "mutation kwargs: {'depth_limit': 7, 'terminals': ('G', 'P', 'F', 'W', 'C', 'M'), 'nonterminals': ('+', '-', '*', '/', 'RAND')}",
    "Initial population size: 200",
    "Number of children: 50",
    "Number of recombinations: 27",
    "Number of mutations: 23",
    "Pre-survival population size: 250",
    "Post-survival population size: 200",
    "Number of children: 50",
    "Number of recombinations: 35",
    "Number of mutations: 15",
    "Pre-survival population size: 250",
    "Post-survival population size: 200",
    "Number of children: 50",
    "Number of recombinations: 34",
    "Number of mutations: 16",
    "Pre-survival population size: 250",
    "Post-survival population size: 200",
    "Number of children: 50",
    "Number of recombinations: 27",
    "Number of mutations: 23",
    "Pre-survival population size: 250",
    "Post-survival population size: 200",
    "Number of children: 50",
    "Number of recombinations: 28",
    "Number of mutations: 22",
    "Pre-survival population size: 250",
    "Post-survival population size: 200",
    "Number of children: 50",
    "Number of recombinations: 28",
    "Number of mutations: 22",
    "Pre-survival population size: 250",
    "Post-survival population size: 200",
    "Number of children: 50",
    "Number of recombinations: 26",
    "Number of mutations: 24",
    "Pre-survival population size: 250",
    "Post-survival population size: 200",
    "Number of children: 50",
    "Number of recombinations: 29",
    "Number of mutations: 21",
    "Pre-survival population size: 250",
    "Post-survival population size: 200",
    "Number of children: 50",
    "Number of recombinations: 35",
    "Number of mutations: 15",
    "Pre-survival population size: 250",
    "Post-survival population size: 200",
    "Number of children: 50",
    "Number of recombinations: 30",
    "Number of mutations: 20",
    "Pre-survival population size: 250",
    "Post-survival population size: 200",
    "Number of children: 50",
    "Number of recombinations: 32",
    "Number of mutations: 18",
    "Pre-survival population size: 250",
    "Post-survival population size: 200",
    "Number of children: 50",
    "Number of recombinations: 27",
    "Number of mutations: 23",
    "Pre-survival population size: 250",
    "Post-survival population size: 200",
    "Number of children: 50",
    "Number of recombinations: 27",
    "Number of mutations: 23",
    "Pre-survival population size: 250",
    "Post-survival population size: 200",
    "Number of children: 50",
    "Number of recombinations: 26",
    "Number of mutations: 24",
    "Pre-survival population size: 250",
    "Post-survival population size: 200",
    "Number of children: 50",
    "Number of recombinations: 33",
    "Number of mutations: 17",
    "Pre-survival population size: 250",
    "Post-survival population size: 200",
    "Number of children: 50",
    "Number of recombinations: 29",
    "Number of mutations: 21",
    "Pre-survival population size: 250",
    "Post-survival population size: 200",
    "Number of children: 50",
    "Number of recombinations: 35",
    "Number of mutations: 15",
    "Pre-survival population size: 250",
    "Post-survival population size: 200",
    "Number of children: 50",
    "Number of recombinations: 33",
    "Number of mutations: 17",
    "Pre-survival population size: 250",
    "Post-survival population size: 200",
    "Number of children: 50",
    "Number of recombinations: 26",
    "Number of mutations: 24",
    "Pre-survival population size: 250",
    "Post-survival population size: 200",
    "Number of children: 50",
    "Number of recombinations: 28",
    "Number of mutations: 22",
    "Pre-survival population size: 250",
    "Post-survival population size: 200"
  ],