{
  "best_fitness": -96.22104097452934,
  "best_3_genes": [
    "( F / ( ( G * 12.807 ) * M ) )",
    "( ( F / M ) / F )",
    "( ( M * G ) RAND 4.339 )"
  ],
  "evaluations": [
    200,
    450,
    700,
    950,
    1200,
    1450,
    1700,
    1950,
    2200,
    2450,
    2700,
    2950,
    3200,
    3450,
    3700,
    3950,
    4200,
    4450,
    4700,
    4950,
    5200
  ],
  "best_penalized_fitness": [
    90.77497231450721,
    92.27685492801771,
    91.45016611295681,
    92.47873754152823,
    93.25393133997784,
    92.70110741971207,
    92.74584717607974,
    93.29490586932448,
    93.19678848283499,
    93.48870431893688,
    94.57630121816167,
    94.03156146179401,
    93.96821705426356,
    93.89678848283499,
    94.1172757475083,
    94.37630121816169,
    94.0172757475083,
    93.93964562569215,
    94.09867109634551,
    93.97630121816168,
    94.02724252491694
  ],
  "mean_penalized_fitness": [
    -9.584881284606865,
    10.83290719822813,
    28.148662679955702,
    38.838091583610186,
    52.560424363233665,
    67.57141007751937,
    75.98643875968992,
    81.19291483942415,
    83.64716445182724,
    86.20282524916944,
    89.6582911406423,
    89.79083355481727,
    89.97677441860465,
    90.5650707641196,
    90.7914046511628,
    91.0999603543743,
    91.05069590254706,
    91.24899136212625,
    91.54544529346623,
    91.63339745293466,
    91.44376788482835
  ],
  "best_base_fitness": [
    92.27497231450721,
    93.77685492801771,
    93.86445182724252,
    94.96633444075304,
    94.78682170542635,
    95.64772978959024,
    95.48870431893688,
    94.79490586932448,
    95.69678848283499,
    95.30487264673312,
    96.07630121816167,
    96.05581395348838,
    95.67630121816168,
    95.42535991140642,
    95.6172757475083,
    95.87630121816169,
    95.8781838316722,
    95.61915836101882,
    95.59867109634551,
    95.75581395348837,
    95.5905869324474
  ],
  "mean_base_fitness": [
    11.925118715393134,
    19.527907198228128,
    34.4586626799557,
    44.60809158361019,
    57.94542436323366,
    72.93141007751937,
    80.73643875968992,
    85.57791483942414,
    87.62216445182725,
    89.84282524916944,
    92.90329114064231,
    92.85083355481727,
    92.90177441860465,
    93.1850707641196,
    93.2414046511628,
    93.3649603543743,
    93.28069590254707,
    93.47399136212624,
    93.61544529346622,
    93.67339745293467,
    93.45376788482835
  ],
  "gp_log": [
    "mu: 200",
    "num_children: 50",
    "mutation rate: 0.4",
    "parent selection: k_tournament_with_replacement",
    "parent selection kwargs: {'k': 9}",
    "survival selection: k_tournament_without_replacement",
    "survival selection kwargs: {'k': 13}",
    "recombination kwargs: {'depth_limit': 7, 'terminals': ('G', 'P', 'F', 'W', 'C', 'M'), 'nonterminals': ('+', '-', '*', '/', 'RAND')}",
    "mutation kwargs: {'depth_limit': 7, 'terminals': ('G', 'P', 'F', 'W', 'C', 'M'), 'nonterminals': ('+', '-', '*', '/', 'RAND')}",
    "Initial population size: 200",
    "Number of children: 50",
    "Number of recombinations: 33",
    "Number of mutations: 17",
    "Pre-survival population size: 250",
    "Post-survival population size: 200",
    "Number of children: 50",
    "Number of recombinations: 35",
    "Number of mutations: 15",
    "Pre-survival population size: 250",
    "Post-survival population size: 200",
    "Number of children: 50",
    "Number of recombinations: 26",
    "Number of mutations: 24",
    "Pre-survival population size: 250",
    "Post-survival population size: 200",
    "Number of children: 50",
    "Number of recombinations: 29",
    "Number of mutations: 21",
    "Pre-survival population size: 250",
    "Post-survival population size: 200",
    "Number of children: 50",
    "Number of recombinations: 31",
    "Number of mutations: 19",
    "Pre-survival population size: 250",
    "Post-survival population size: 200",
    "Number of children: 50",
    "Number of recombinations: 35",
    "Number of mutations: 15",
    "Pre-survival population size: 250",
    "Post-survival population size: 200",
    "Number of children: 50",
    "Number of recombinations: 32",
    "Number of mutations: 18",
    "Pre-survival population size: 250",
    "Post-survival population size: 200",
    "Number of children: 50",
    "Number of recombinations: 29",
    "Number of mutations: 21",
    "Pre-survival population size: 250",
    "Post-survival population size: 200",
    "Number of children: 50",
    "Number of recombinations: 34",
    "Number of mutations: 16",
    "Pre-survival population size: 250",
    "Post-survival population size: 200",
    "Number of children: 50",
    "Number of recombinations: 31",
    "Number of mutations: 19",
    "Pre-survival population size: 250",
    "Post-survival population size: 200",
    "Number of children: 50",
    "Number of recombinations: 35",
    "Number of mutations: 15",
    "Pre-survival population size: 250",
    "Post-survival population size: 200",
    "Number of children: 50",
    "Number of recombinations: 30",
    "Number of mutations: 20",
    "Pre-survival population size: 250",
    "Post-survival population size: 200",
    "Number of children: 50",
    "Number of recombinations: 26",
    "Number of mutations: 24",
    "Pre-survival population size: 250",
    "Post-survival population size: 200",
    "Number of children: 50",
    "Number of recombinations: 31",
    "Number of mutations: 19",
    "Pre-survival population size: 250",
    "Post-survival population size: 200",
    "Number of children: 50",
    "Number of recombinations: 29",
    "Number of mutations: 21",
    "Pre-survival population size: 250",
    "Post-survival population size: 200",
    "Number of children: 50",
    "Number of recombinations: 30",
    "Number of mutations: 20",
    "Pre-survival population size: 250",
    "Post-survival population size: 200",
    "Number of children: 50",
    "Number of recombinations: 27",
    "Number of mutations: 23",
    "Pre-survival population size: 250",
    "Post-survival population size: 200",
    "Number of children: 50",
    "Number of recombinations: 30",
    "Number of mutations: 20",
    "Pre-survival population size: 250",
    "Post-survival population size: 200",
    "Number of children: 50",
    "Number of recombinations: 36",
    "Number of mutations: 14",
    "Pre-survival population size: 250",
    "Post-survival population size: 200",
    "Number of children: 50",
    "Number of recombinations: 23",
    "Number of mutations: 27",
    "Pre-survival population size: 250",
    "Post-survival population size: 200"
  ],