{
  "best_fitness": 97.6248062015504,
  "best_3_genes": [
    "( ( M / M ) / M )",
    "( G - M )",
    "( ( G + F ) - M )"
  ],
  "evaluations": [
    200,
    450,
    700,
    950,
    1200,
    1450,
    1700,
    1950,
    2200,
    2450,
    2700,
    2950,
    3200,
    3450,
    3700,
    3950,
    4200,
    4450,
    4700,
    4950,
    5200
  ],
  "best_penalized_fitness": [
    81.57929125138426,
    83.07685492801771,
    87.58925802879291,
    87.63831672203766,
    89.55016611295682,
    91.37873754152825,
    92.16821705426358,
    91.42779623477298,
    91.95204872646734,
    92.44152823920265,
    92.57441860465116,
    92.01727574750831,
    92.296788482835,
    92.33776301218161,
    92.85393133997785,
    92.22535991140641,
    92.87441860465117,
    92.93156146179402,
    92.39490586932446,
    92.71915836101883,
    93.0905869324474
  ],
  "mean_penalized_fitness": [
    -29.428213621262458,
    1.8292820598006647,
    32.73552259136213,
    41.70593510520487,
    50.875756478405314,
    57.34170110741971,
    65.27829977851606,
    68.29909745293466,
    75.9683488372093,
    79.07642624584717,
    80.26343842746401,
    84.57777464008859,
    85.55144440753045,
    85.59860509413068,
    87.66959479512735,
    87.5877514950166,
    88.87687131782945,
    89.00309656699889,
    88.89237574750831,
    89.43923355481728,
    89.58381140642304
  ],
  "best_base_fitness": [
    88.57929125138426,
    90.07685492801771,
    93.69922480620156,
    91.77253599114064,
    94.3482834994463,
    94.37873754152825,
    95.16821705426358,
    94.87253599114064,
    94.95204872646734,
    95.44152823920265,
    95.57441860465116,
    95.48870431893687,
    95.33776301218163,
    95.33776301218161,
    96.19058693244739,
    95.65581395348838,
    95.87441860465117,
    95.93156146179402,
    95.39490586932446,
    95.71915836101883,
    96.0905869324474
  ],
  "mean_base_fitness": [
    14.05178637873754,
    16.149282059800665,
    45.05552259136213,
    52.515935105204875,
    61.115756478405316,
    67.45170110741971,
    74.69829977851606,
    76.89909745293467,
    84.02834883720931,
    86.80642624584718,
    87.74343842746401,
    90.90777464008859,
    91.16144440753045,
    90.93860509413068,
    92.53959479512736,
    92.26775149501661,
    93.14687131782945,
    93.0630965669989,
    92.78237574750831,
    93.19923355481727,
    93.24381140642303
  ],
  "gp_log": [
    "mu: 200",
    "num_children: 50",
    "mutation rate: 0.4",
    "parent selection: k_tournament_with_replacement",
    "parent selection kwargs: {'k': 9}",
    "survival selection: k_tournament_without_replacement",
    "survival selection kwargs: {'k': 13}",
    "recombination kwargs: {'depth_limit': 7, 'terminals': ('G', 'P', 'F', 'W', 'C', 'M'), 'nonterminals': ('+', '-', '*', '/', 'RAND')}",
    "mutation kwargs: {'depth_limit': 7, 'terminals': ('G', 'P', 'F', 'W', 'C', 'M'), 'nonterminals': ('+', '-', '*', '/', 'RAND')}",
    "Initial population size: 200",
    "Number of children: 50",
    "Number of recombinations: 28",
    "Number of mutations: 22",
    "Pre-survival population size: 250",
    "Post-survival population size: 200",
    "Number of children: 50",
    "Number of recombinations: 31",
    "Number of mutations: 19",
    "Pre-survival population size: 250",
    "Post-survival population size: 200",
    "Number of children: 50",
    "Number of recombinations: 32",
    "Number of mutations: 18",
    "Pre-survival population size: 250",
    "Post-survival population size: 200",
    "Number of children: 50",
    "Number of recombinations: 38",
    "Number of mutations: 12",
    "Pre-survival population size: 250",
    "Post-survival population size: 200",
    "Number of children: 50",
    "Number of recombinations: 28",
    "Number of mutations: 22",
    "Pre-survival population size: 250",
    "Post-survival population size: 200",
    "Number of children: 50",
    "Number of recombinations: 28",
    "Number of mutations: 22",
    "Pre-survival population size: 250",
    "Post-survival population size: 200",
    "Number of children: 50",
    "Number of recombinations: 31",
    "Number of mutations: 19",
    "Pre-survival population size: 250",
    "Post-survival population size: 200",
    "Number of children: 50",
    "Number of recombinations: 31",
    "Number of mutations: 19",
    "Pre-survival population size: 250",
    "Post-survival population size: 200",
    "Number of children: 50",
    "Number of recombinations: 27",
    "Number of mutations: 23",
    "Pre-survival population size: 250",
    "Post-survival population size: 200",
    "Number of children: 50",
    "Number of recombinations: 23",
    "Number of mutations: 27",
    "Pre-survival population size: 250",
    "Post-survival population size: 200",
    "Number of children: 50",
    "Number of recombinations: 37",
    "Number of mutations: 13",
    "Pre-survival population size: 250",
    "Post-survival population size: 200",
    "Number of children: 50",
    "Number of recombinations: 31",
    "Number of mutations: 19",
    "Pre-survival population size: 250",
    "Post-survival population size: 200",
    "Number of children: 50",
    "Number of recombinations: 30",
    "Number of mutations: 20",
    "Pre-survival population size: 250",
    "Post-survival population size: 200",
    "Number of children: 50",
    "Number of recombinations: 30",
    "Number of mutations: 20",
    "Pre-survival population size: 250",
    "Post-survival population size: 200",
    "Number of children: 50",
    "Number of recombinations: 31",
    "Number of mutations: 19",
    "Pre-survival population size: 250",
    "Post-survival population size: 200",
    "Number of children: 50",
    "Number of recombinations: 27",
    "Number of mutations: 23",
    "Pre-survival population size: 250",
    "Post-survival population size: 200",
    "Number of children: 50",
    "Number of recombinations: 31",
    "Number of mutations: 19",
    "Pre-survival population size: 250",
    "Post-survival population size: 200",
    "Number of children: 50",
    "Number of recombinations: 24",
    "Number of mutations: 26",
    "Pre-survival population size: 250",
    "Post-survival population size: 200",
    "Number of children: 50",
    "Number of recombinations: 33",
    "Number of mutations: 17",
    "Pre-survival population size: 250",
    "Post-survival population size: 200",
    "Number of children: 50",
    "Number of recombinations: 27",
    "Number of mutations: 23",
    "Pre-survival population size: 250",
    "Post-survival population size: 200"
  ],