{
  "best_fitness": 97.36389811738648,
  "best_3_genes": [
    "( ( ( -2.408 + M ) + G ) / M )",
    "( 6.167 / M )",
    "( 6.167 / W )"
  ],
  "evaluations": [
    200,
    450,
    700,
    950,
    1200,
    1450,
    1700,
    1950,
    2200,
    2450,
    2700,
    2950,
    3200,
    3450,
    3700,
    3950,
    4200,
    4450,
    4700,
    4950,
    5200
  ],
  "best_penalized_fitness": [
    90.85204872646733,
    86.11594684385382,
    87.42403100775195,
    91.3296788482835,
    90.63156146179402,
    92.08062015503876,
    91.97253599114065,
    91.52347729789591,
    91.63156146179404,
    91.63776301218162,
    92.60299003322258,
    91.69302325581396,
    92.24772978959024,
    92.0153931339978,
    92.5905869324474,
    93.0905869324474,
    92.14396456256922,
    92.66201550387598,
    93.24772978959027,
    93.03344407530454,
    92.40299003322261
  ],
  "mean_penalized_fitness": [
    -34.99022048726467,
    8.777916057585825,
    25.875188261351052,
    46.97068870431894,
    50.903170431893685,
    61.6792446290144,
    70.48558615725359,
    69.38369058693245,
    75.38565968992248,
    80.50053399778515,
    80.46730730897009,
    83.60465393133998,
    84.86211085271317,
    85.82828028792913,
    87.82390088593577,
    89.44773200442968,
    89.4088457364341,
    89.63898582502769,
    89.74078781838317,
    90.26465991140643,
    89.80548205980067
  ],
  "best_base_fitness": [
    93.85204872646733,
    89.15071982281285,
    94.22159468438538,
    94.70110741971207,
    93.63156146179402,
    95.08062015503876,
    95.1234772978959,
    94.52347729789591,
    95.2172757475083,
    94.64584717607973,
    95.60299003322258,
    95.06013289036544,
    95.24772978959024,
    95.0153931339978,
    95.5905869324474,
    96.0905869324474,
    95.6048726467331,
    95.66201550387598,
    96.24772978959027,
    96.03344407530454,
    95.61295681063123
  ],
  "mean_base_fitness": [
    11.139779512735327,
    22.347916057585824,
    37.93518826135105,
    57.94068870431894,
    61.73317043189369,
    71.7392446290144,
    79.9555861572536,
    78.55369058693245,
    83.89565968992248,
    88.16053399778517,
    87.4473073089701,
    89.52465393133997,
    90.51211085271318,
    91.20828028792913,
    92.37390088593577,
    93.46773200442968,
    93.17884573643411,
    93.37898582502768,
    93.36078781838317,
    93.68465991140643,
    93.21548205980066
  ],
  "gp_log": [
    "mu: 200",
    "num_children: 50",
    "mutation rate: 0.4",
    "parent selection: k_tournament_with_replacement",
    "parent selection kwargs: {'k': 9}",
    "survival selection: k_tournament_without_replacement",
    "survival selection kwargs: {'k': 13}",
    "recombination kwargs: {'depth_limit': 7, 'terminals': ('G', 'P', 'F', 'W', 'C', 'M'), 'nonterminals': ('+', '-', '*', '/', 'RAND')}",
    "mutation kwargs: {'depth_limit': 7, 'terminals': ('G', 'P', 'F', 'W', 'C', 'M'), 'nonterminals': ('+', '-', '*', '/', 'RAND')}",
    "Initial population size: 200",
    "Number of children: 50",
    "Number of recombinations: 27",
    "Number of mutations: 23",
    "Pre-survival population size: 250",
    "Post-survival population size: 200",
    "Number of children: 50",
    "Number of recombinations: 33",
    "Number of mutations: 17",
    "Pre-survival population size: 250",
    "Post-survival population size: 200",
    "Number of children: 50",
    "Number of recombinations: 29",
    "Number of mutations: 21",
    "Pre-survival population size: 250",
    "Post-survival population size: 200",
    "Number of children: 50",
    "Number of recombinations: 36",
    "Number of mutations: 14",
    "Pre-survival population size: 250",
    "Post-survival population size: 200",
    "Number of children: 50",
    "Number of recombinations: 27",
    "Number of mutations: 23",
    "Pre-survival population size: 250",
    "Post-survival population size: 200",
    "Number of children: 50",
    "Number of recombinations: 34",
    "Number of mutations: 16",
    "Pre-survival population size: 250",
    "Post-survival population size: 200",
    "Number of children: 50",
    "Number of recombinations: 26",
    "Number of mutations: 24",
    "Pre-survival population size: 250",
    "Post-survival population size: 200",
    "Number of children: 50",
    "Number of recombinations: 23",
    "Number of mutations: 27",
    "Pre-survival population size: 250",
    "Post-survival population size: 200",
    "Number of children: 50",
    "Number of recombinations: 31",
    "Number of mutations: 19",
    "Pre-survival population size: 250",
    "Post-survival population size: 200",
    "Number of children: 50",
    "Number of recombinations: 27",
    "Number of mutations: 23",
    "Pre-survival population size: 250",
    "Post-survival population size: 200",
    "Number of children: 50",
    "Number of recombinations: 22",
    "Number of mutations: 28",
    "Pre-survival population size: 250",
    "Post-survival population size: 200",
    "Number of children: 50",
    "Number of recombinations: 30",
    "Number of mutations: 20",
    "Pre-survival population size: 250",
    "Post-survival population size: 200",
    "Number of children: 50",
    "Number of recombinations: 28",
    "Number of mutations: 22",
    "Pre-survival population size: 250",
    "Post-survival population size: 200",
    "Number of children: 50",
    "Number of recombinations: 37",
    "Number of mutations: 13",
    "Pre-survival population size: 250",
    "Post-survival population size: 200",
    "Number of children: 50",
    "Number of recombinations: 30",
    "Number of mutations: 20",
    "Pre-survival population size: 250",
    "Post-survival population size: 200",
    "Number of children: 50",
    "Number of recombinations: 29",
    "Number of mutations: 21",
    "Pre-survival population size: 250",
    "Post-survival population size: 200",
    "Number of children: 50",
    "Number of recombinations: 29",
    "Number of mutations: 21",
    "Pre-survival population size: 250",
    "Post-survival population size: 200",
    "Number of children: 50",
    "Number of recombinations: 30",
    "Number of mutations: 20",
    "Pre-survival population size: 250",
    "Post-survival population size: 200",
    "Number of children: 50",
    "Number of recombinations: 28",
    "Number of mutations: 22",
    "Pre-survival population size: 250",
    "Post-survival population size: 200",
    "Number of children: 50",
    "Number of recombinations: 31",
    "Number of mutations: 19",
    "Pre-survival population size: 250",
    "Post-survival population size: 200"
  ],