{
  "best_fitness": 97.36389811738648,
  "best_3_genes": [
    "( 2.160 * ( ( G * F ) - ( G / M ) ) )",
    "( ( F RAND F ) / ( M RAND M ) )",
    "( G / ( P RAND W ) )"
  ],
  "evaluations": [
    200,
    450,
    700,
    950,
    1200,
    1450,
    1700,
    1950,
    2200,
    2450,
    2700,
    2950,
    3200,
    3450,
    3700,
    3950,
    4200,
    4450,
    4700,
    4950,
    5200
  ],
  "best_penalized_fitness": [
    87.8358803986711,
    88.7358803986711,
    88.50110741971207,
    88.44019933554817,
    91.10919158361018,
    90.78682170542636,
    90.73399778516058,
    91.86013289036545,
    92.15825027685493,
    91.20110741971207,
    91.98250276854928,
    92.43964562569212,
    91.95204872646734,
    92.22724252491695,
    92.43344407530454,
    92.74152823920264,
    92.22535991140643,
    92.53964562569212,
    92.71295681063123,
    92.63964562569214,
    92.91295681063123
  ],
  "mean_penalized_fitness": [
    -29.060404872646732,
    12.400221816168328,
    25.15795393133998,
    42.07275891472868,
    55.923630897009964,
    60.44391561461794,
    72.10255160575858,
    75.25656644518273,
    80.62367940199336,
    82.45175570321152,
    84.33628139534883,
    85.66355426356589,
    86.99034241417498,
    87.81494540420819,
    88.7890480620155,
    88.9013238095238,
    89.24851417497231,
    89.40081495016611,
    89.62097652270211,
    89.51572558139534,
    89.73462790697674
  ],
  "best_base_fitness": [
    92.8358803986711,
    93.7358803986711,
    94.92535991140642,
    93.44019933554817,
    94.70542635658914,
    94.76013289036544,
    95.38870431893689,
    94.86013289036545,
    95.15825027685493,
    95.04772978959025,
    95.08870431893689,
    95.43964562569212,
    95.22535991140641,
    95.66201550387596,
    95.43344407530454,
    95.74152823920264,
    95.55393133997785,
    95.53964562569212,
    95.71295681063123,
    95.63964562569214,
    95.91295681063123
  ],
  "mean_base_fitness": [
    16.539595127353266,
    26.96022181616833,
    36.64795393133998,
    52.97275891472868,
    66.33363089700997,
    70.34391561461794,
    81.52255160575858,
    83.43656644518272,
    88.69367940199335,
    89.47175570321151,
    90.86628139534884,
    91.5435542635659,
    92.01034241417497,
    92.4749454042082,
    92.9590480620155,
    92.9013238095238,
    93.12851417497231,
    93.18081495016611,
    93.18097652270211,
    93.11572558139535,
    93.35462790697675
  ],
  "gp_log": [
    "mu: 200",
    "num_children: 50",
    "mutation rate: 0.4",
    "parent selection: k_tournament_with_replacement",
    "parent selection kwargs: {'k': 9}",
    "survival selection: k_tournament_without_replacement",
    "survival selection kwargs: {'k': 13}",
    "recombination kwargs: {'depth_limit': 7, 'terminals': ('G', 'P', 'F', 'W', 'C', 'M'), 'nonterminals': ('+', '-', '*', '/', 'RAND')}",
    "mutation kwargs: {'depth_limit': 7, 'terminals': ('G', 'P', 'F', 'W', 'C', 'M'), 'nonterminals': ('+', '-', '*', '/', 'RAND')}",
    "Initial population size: 200",
    "Number of children: 50",
    "Number of recombinations: 28",
    "Number of mutations: 22",
    "Pre-survival population size: 250",
    "Post-survival population size: 200",
    "Number of children: 50",
    "Number of recombinations: 30",
    "Number of mutations: 20",
    "Pre-survival population size: 250",
    "Post-survival population size: 200",
    "Number of children: 50",
    "Number of recombinations: 26",
    "Number of mutations: 24",
    "Pre-survival population size: 250",
    "Post-survival population size: 200",
    "Number of children: 50",
    "Number of recombinations: 28",
    "Number of mutations: 22",
    "Pre-survival population size: 250",
    "Post-survival population size: 200",
    "Number of children: 50",
    "Number of recombinations: 26",
    "Number of mutations: 24",
    "Pre-survival population size: 250",
    "Post-survival population size: 200",
    "Number of children: 50",
    "Number of recombinations: 35",
    "Number of mutations: 15",
    "Pre-survival population size: 250",
    "Post-survival population size: 200",
    "Number of children: 50",
    "Number of recombinations: 33",
    "Number of mutations: 17",
    "Pre-survival population size: 250",
    "Post-survival population size: 200",
    "Number of children: 50",
    "Number of recombinations: 28",
    "Number of mutations: 22",
    "Pre-survival population size: 250",
    "Post-survival population size: 200",
    "Number of children: 50",
    "Number of recombinations: 28",
    "Number of mutations: 22",
    "Pre-survival population size: 250",
    "Post-survival population size: 200",
    "Number of children: 50",
    "Number of recombinations: 27",
    "Number of mutations: 23",
    "Pre-survival population size: 250",
    "Post-survival population size: 200",
    "Number of children: 50",
    "Number of recombinations: 23",
    "Number of mutations: 27",
    "Pre-survival population size: 250",
    "Post-survival population size: 200",
    "Number of children: 50",
    "Number of recombinations: 26",
    "Number of mutations: 24",
    "Pre-survival population size: 250",
    "Post-survival population size: 200",
    "Number of children: 50",
    "Number of recombinations: 34",
    "Number of mutations: 16",
    "Pre-survival population size: 250",
    "Post-survival population size: 200",
    "Number of children: 50",
    "Number of recombinations: 34",
    "Number of mutations: 16",
    "Pre-survival population size: 250",
    "Post-survival population size: 200",
    "Number of children: 50",
    "Number of recombinations: 34",
    "Number of mutations: 16",
    "Pre-survival population size: 250",
    "Post-survival population size: 200",
    "Number of children: 50",
    "Number of recombinations: 25",
    "Number of mutations: 25",
    "Pre-survival population size: 250",
    "Post-survival population size: 200",
    "Number of children: 50",
    "Number of recombinations: 30",
    "Number of mutations: 20",
    "Pre-survival population size: 250",
    "Post-survival population size: 200",
    "Number of children: 50",
    "Number of recombinations: 35",
    "Number of mutations: 15",
    "Pre-survival population size: 250",
    "Post-survival population size: 200",
    "Number of children: 50",
    "Number of recombinations: 26",
    "Number of mutations: 24",
    "Pre-survival population size: 250",
    "Post-survival population size: 200",
    "Number of children: 50",
    "Number of recombinations: 29",
    "Number of mutations: 21",
    "Pre-survival population size: 250",
    "Post-survival population size: 200"
  ],